company_name,ticker,exchange,sector,industry,country,ai_score,ai_rating
Tata Technologies Ltd,TATATECH,NSE,Technology,Software,IN,79.1,Good IPO
Fortescue Metals Group,FMG,ASX,Basic Materials,Metals & Mining,AU,77.2,Good IPO
HDFC Life Insurance Co.,HDFCLIFE,NSE,Financial,Insurance,IN,74.5,Good IPO
Macquarie Group Ltd,MQG,ASX,Financial,Financial Services,AU,74.4,Good IPO
Tata Consultancy Services,TCS,NSE,Technology,Software,IN,72.8,Good IPO
Bharat Petroleum Corp Ltd,BPCL,NSE,Energy,Oil & Gas,IN,72.7,Good IPO
HDFC Bank Ltd,HDFCBANK,NSE,Financial,Banks,IN,72.5,Good IPO
Tata Steel Ltd,TATASTEEL,NSE,Basic Materials,Steel,IN,72.5,Good IPO
IndusInd Bank Ltd,INDUSINDBK,NSE,Financial,Banks,IN,72.3,Good IPO
Reliance Industries Ltd,RIL,NSE,Energy,Conglomerate,IN,72.1,Good IPO
Tata Power Co Ltd,TATAPOWER,NSE,Utilities,Electric Utilities,IN,71.6,Good IPO
PolicyBazaar (PB Fintech),POLICYBZR,NSE,Technology,Fintech,IN,71.4,Good IPO
IREDA Ltd,IREDA,NSE,Financial,Financial Services,IN,71.2,Good IPO
Bajaj Auto Ltd,BAJAJ-AUTO,NSE,Consumer Cyclical,Auto Manufacturers,IN,71.0,Good IPO
Bharat Heavy Electricals Ltd,BHEL,NSE,Industrials,Industrial Equipment,IN,70.9,Good IPO
Zenith Steel Pipes Ltd,ZENITHSTL,NSE,Basic Materials,Steel,IN,70.8,Good IPO
Infosys Ltd,INFY,NSE,Technology,Software,IN,70.7,Good IPO
CSL Ltd,CSL,ASX,Healthcare,Biotechnology,AU,70.6,Good IPO
Wesfarmers Ltd,WES,ASX,Consumer Defensive,Discount Stores,AU,70.6,Good IPO
Blue Dart Express Ltd,BLUEDART,NSE,Industrials,Logistics,IN,70.5,Good IPO
Tata Consumer Products,TATACONSUM,NSE,Consumer Defensive,Food,IN,70.2,Good IPO
Eicher Motors Ltd,EICHERMOT,NSE,Consumer Cyclical,Auto Manufacturers,IN,69.8,Average IPO
Zenith Health Care Ltd,ZENITHHEL,NSE,Healthcare,Pharmaceuticals,IN,69.8,Average IPO
Indus Towers Ltd,INDUSTOWER,NSE,Communication,Telecom,IN,69.7,Average IPO
Roper Technologies Inc.,ROP,NYSE,Technology,Software,US,69.7,Average IPO
Moody's Corporation,MCO,NYSE,Financial,Financial Services,US,69.7,Average IPO
ICICI Prudential Life Ins.,ICICIPRULI,NSE,Financial,Insurance,IN,69.5,Average IPO
Burberry Group PLC,BRBY,LSE,Consumer Cyclical,Luxury Goods,GB,69.5,Average IPO
Fastly Inc.,FSLY,NYSE,Technology,Software,US,69.5,Average IPO
Tata Coffee Ltd,TATACOFFEE,NSE,Consumer Defensive,Food,IN,69.4,Average IPO
Petronet LNG Ltd,PETRONET,NSE,Energy,Oil & Gas,IN,69.3,Average IPO
Lloyds Banking Group,LLOY,LSE,Financial,Banks,GB,69.2,Average IPO
Zendesk Inc.,ZEN,NYSE,Technology,Software,US,69.2,Average IPO
Paytm (One97 Comm.),PAYTM,NSE,Technology,Fintech,IN,69.0,Average IPO
Entertainment Network India,ENIL,NSE,Communication,Media,IN,69.0,Average IPO
Finolex Industries Ltd,FINPIPE,NSE,Industrials,Plumbing,IN,68.9,Average IPO
Twilio Inc.,TWLO,NYSE,Technology,Software,US,68.8,Average IPO
CME Group Inc.,CME,NASDAQ,Financial,Financial Services,US,68.8,Average IPO
DLF Ltd,DLF,NSE,Real Estate,Real Estate Development,IN,68.6,Average IPO
Bajaj Consumer Care Ltd,BAJAJCON,NSE,Consumer Defensive,Personal Care,IN,68.6,Average IPO
Australia & NZ Banking Grp,ANZ,ASX,Financial,Banks,AU,68.6,Average IPO
HubSpot Inc.,HUBS,NYSE,Technology,Software,US,68.6,Average IPO
Go Fashion India Ltd,GOCOLORS,NSE,Consumer Cyclical,Apparel,IN,68.6,Average IPO
ICICI Bank Ltd,ICICIBANK,NSE,Financial,Banks,IN,68.3,Average IPO
FDC Ltd,FDC,NSE,Healthcare,Pharmaceuticals,IN,68.3,Average IPO
Globus Spirits Ltd,GLOBUSSPR,NSE,Consumer Defensive,Beverages,IN,68.2,Average IPO
GMM Pfaudler Ltd,GMMPFAUDLR,NSE,Industrials,Industrial Equipment,IN,68.2,Average IPO
S&P Global Inc.,SPGI,NYSE,Financial,Financial Services,US,68.2,Average IPO
GSK plc,GSK,NYSE,Healthcare,Drug Manufacturers,GB,68.1,Average IPO
Woolworths Group Ltd,WOW,ASX,Consumer Defensive,Discount Stores,AU,67.8,Average IPO
AMETEK Inc.,AME,NYSE,Industrials,Industrial Equipment,US,67.8,Average IPO
Zomato Ltd,ZOMATO,NSE,Technology,Internet Services,IN,67.7,Average IPO
Trident Ltd,TRIDENT,NSE,Consumer Cyclical,Textiles,IN,67.7,Average IPO
Droneacharya Aerial Innov,DRONE,NSE,Technology,Drones,IN,67.7,Average IPO
Ratnamani Metals & Tubes,RATNAMANI,NSE,Basic Materials,Steel,IN,67.6,Average IPO
Datadog Inc.,DDOG,NASDAQ,Technology,Software,US,67.4,Average IPO
Bharat Forge Ltd,BHARATFORG,NSE,Consumer Cyclical,Auto Parts,IN,67.3,Average IPO
Rajnandini Metal Ltd,RAJNMETAL,NSE,Basic Materials,Metals & Mining,IN,67.3,Average IPO
Yashraj Biotechnology Ltd,YASHRAJ,NSE,Healthcare,Biotechnology,IN,67.2,Average IPO
Bajaj Electricals Ltd,BAJAJELEC,NSE,Consumer Cyclical,Consumer Electronics,IN,67.0,Average IPO
Indian Overseas Bank,IOB,NSE,Financial,Banks,IN,67.0,Average IPO
Srivari Spices & Foods,SRIVARI,NSE,Consumer Defensive,Food,IN,67.0,Average IPO
CrowdStrike Holdings Inc.,CRWD,NASDAQ,Technology,Cybersecurity,US,66.9,Average IPO
Finolex Cables Ltd,FINPIPE,NSE,Industrials,Electrical Equipment,IN,66.9,Average IPO
LIC Housing Finance Ltd,LICHSGFIN,NSE,Financial,Housing Finance,IN,66.9,Average IPO
Digidrive Distributors Ltd,DIGIDRIVE,NSE,Consumer Cyclical,E-Commerce,IN,66.9,Average IPO
Saianand Commercials Ltd,SAIANAND,NSE,Consumer Cyclical,Trading,IN,66.9,Average IPO
Wardwizard Healthcare Ltd,WARDWIZ,NSE,Healthcare,Healthcare Services,IN,66.9,Average IPO
National Australia Bank,NAB,ASX,Financial,Banks,AU,66.8,Average IPO
Balrampur Chini Mills Ltd,BALRAMCHIN,NSE,Consumer Defensive,Sugar,IN,66.7,Average IPO
EasyJet PLC,EZJ,LSE,Industrials,Airlines,GB,66.7,Average IPO
ZoomInfo Technologies Inc.,ZI,NASDAQ,Technology,Software,US,66.7,Average IPO
Engineers India Ltd,ENGINERSIN,NSE,Industrials,Engineering,IN,66.6,Average IPO
Exide Industries Ltd,EXIDEIND,NSE,Consumer Cyclical,Auto Parts,IN,66.6,Average IPO
Tata Chemicals Ltd,TATACHEM,NSE,Basic Materials,Chemicals,IN,66.6,Average IPO
Tata Investment Corp Ltd,TATAINVEST,NSE,Financial,Financial Services,IN,66.6,Average IPO
DigitalOcean Holdings Inc.,DOCN,NYSE,Technology,Software,US,66.6,Average IPO
Union Bank of India,UNIONBANK,NSE,Financial,Banks,IN,66.5,Average IPO
Indian Hotels Co Ltd,INDHOTEL,NSE,Consumer Cyclical,Hotels,IN,66.5,Average IPO
Cloudflare Inc.,NET,NYSE,Technology,Software,US,66.5,Average IPO
Prism Johnson Ltd,PRISMJOHNS,NSE,Basic Materials,Cement,IN,66.3,Average IPO
Duolingo Inc.,DUOL,NASDAQ,Technology,Software,US,66.3,Average IPO
GHCL Ltd,GHCL,NSE,Basic Materials,Chemicals,IN,66.3,Average IPO
Canara Bank,CANBK,NSE,Financial,Banks,IN,66.2,Average IPO
Commonwealth Bank of Aust.,CBA,ASX,Financial,Banks,AU,66.2,Average IPO
Netweb Technologies India,NETWEB,NSE,Technology,Software,IN,66.2,Average IPO
Wonder Fibromats Ltd,WONDERFIB,NSE,Consumer Cyclical,Textiles,IN,66.2,Average IPO
Zoom Video Communications,ZM,NASDAQ,Technology,Software,US,66.1,Average IPO
GlobalFoundries Inc.,GFS,NASDAQ,Technology,Semiconductors,US,66.1,Average IPO
GE Shipping Co Ltd,GESHIP,NSE,Industrials,Logistics,IN,66.1,Average IPO
Pfizer Inc.,PFE,NYSE,Healthcare,Pharmaceuticals,US,66.0,Average IPO
Marathon Nextgen Realty,MARATHON,NSE,Real Estate,Real Estate Development,IN,66.0,Average IPO
Jiyo Eco Friendly Agricult,JIYOECO,NSE,Consumer Defensive,Food,IN,66.0,Average IPO
Technowrapar Software,TECHNOWRA,NSE,Technology,Software,IN,65.9,Average IPO
Relaxo Footwears Ltd,RELAXO,NSE,Consumer Cyclical,Footwear,IN,65.8,Average IPO
Licious,LICIOUS,NSE,Consumer Defensive,Food,IN,65.7,Average IPO
JITF Infralogistics Ltd,JITFINFRA,NSE,Industrials,Logistics,IN,65.7,Average IPO
Naapbooks Ltd,NAAPBOOKS,NSE,Technology,Software,IN,65.7,Average IPO
Westpac Banking Corp,WBC,ASX,Financial,Banks,AU,65.6,Average IPO
British American Tobacco,BATS,LSE,Consumer Defensive,Tobacco,GB,65.5,Average IPO
Berger Paints India Ltd,BERGEPAINT,NSE,Basic Materials,Chemicals,IN,65.4,Average IPO
Jyoti CNC Automation Ltd,JYOTICNC,NSE,Industrials,Industrial Equipment,IN,65.4,Average IPO
Punjab National Bank,PNB,NSE,Financial,Banks,IN,65.3,Average IPO
IndiaMart InterMesh Ltd,INDIAMART,NSE,Technology,Internet Services,IN,65.3,Average IPO
Croissance Agriculture Ltd,CROISSANCE,NSE,Consumer Defensive,Food,IN,65.3,Average IPO
Dentach International Ltd,DENTACH,NSE,Healthcare,Medical Devices,IN,65.3,Average IPO
Nykaa (FSN E-Commerce),NYKAA,NSE,Consumer Cyclical,E-Commerce,IN,65.2,Average IPO
Adani Total Gas Ltd,ATGL,NSE,Utilities,Gas Distribution,IN,65.0,Average IPO
KPIT Technologies Ltd,KPITTECH,NSE,Technology,Software,IN,65.0,Average IPO
Emami Ltd,EMAMILTD,NSE,Consumer Defensive,Personal Care,IN,65.0,Average IPO
India Cements Ltd,INDIACEM,NSE,Basic Materials,Cement,IN,65.0,Average IPO
Dynatrace Inc.,DT,NYSE,Technology,Software,US,65.0,Average IPO
New Relic Inc.,NEWR,NYSE,Technology,Software,US,65.0,Average IPO
Bajaj Finance Ltd,BAJFINANCE,NSE,Financial,Financial Services,IN,64.9,Average IPO
Nanoch EMerge Ltd,NANOCH,NSE,Technology,Semiconductors,IN,64.9,Average IPO
Sagar Diamonds Ltd,SAGARDIA,NSE,Consumer Cyclical,Luxury Goods,IN,64.9,Average IPO
Genus Paper & Boards Ltd,GENUSPAPER,NSE,Basic Materials,Paper,IN,64.9,Average IPO
Tata Power Ltd,TATAPOWER,NSE,Utilities,Electric Utilities,IN,64.8,Average IPO
Newgen Software Technologies,NEWGEN,NSE,Technology,Software,IN,64.8,Average IPO
Sreechem Resins Ltd,SREECHEM,NSE,Basic Materials,Chemicals,IN,64.8,Average IPO
Mahanagar Gas Ltd,MGL,NSE,Utilities,Gas Distribution,IN,64.7,Average IPO
Bharat Dynamics Ltd,BDL,NSE,Industrials,Defense,IN,64.7,Average IPO
Salasar Techno Engineering,SALASAR,NSE,Industrials,Engineering,IN,64.7,Average IPO
Maharashtra Seamless Ltd,MAHSEAMLES,NSE,Basic Materials,Steel,IN,64.6,Average IPO
Mahindra & Mahindra Fin.,M&MFIN,NSE,Financial,Financial Services,IN,64.6,Average IPO
Majesco Ltd,MAJESCO,NSE,Technology,Software,IN,64.6,Average IPO
Rio Tinto Ltd,RIO,ASX,Basic Materials,Metals & Mining,AU,64.5,Average IPO
Spark & Sparks Electricals,SPARK,NSE,Industrials,Electrical Equipment,IN,64.5,Average IPO
Regeneron Pharmaceuticals Inc.,REGN,NASDAQ,Healthcare,Biotechnology,US,64.5,Average IPO
Bata India Ltd,BATAINDIA,NSE,Consumer Cyclical,Footwear,IN,64.4,Average IPO
Endurance Technologies Ltd,ENDURANCE,NSE,Consumer Cyclical,Auto Parts,IN,64.2,Average IPO
Spaceage Products Ltd,SPACEAGE,NSE,Industrials,Packaging,IN,64.0,Average IPO
Booking Holdings Inc.,BKNG,NASDAQ,Consumer Cyclical,Travel Services,US,64.0,Average IPO
Gujarat Gas Ltd,GUJGAS,NSE,Utilities,Gas Distribution,IN,63.9,Average IPO
Fermenta Biotech Ltd,FERMENTA,NSE,Healthcare,Biotechnology,IN,63.9,Average IPO
Cyient Ltd,CYIENT,NSE,Technology,Engineering Services,IN,63.8,Average IPO
Jio Financial Services Ltd,JIOFIN,NSE,Financial,Financial Services,IN,63.8,Average IPO
Vishwaraj Sugar Ind Ltd,VISHWASUG,NSE,Consumer Defensive,Sugar,IN,63.8,Average IPO
CWD Engineering Ltd,CWDENG,NSE,Industrials,Engineering,IN,63.7,Average IPO
W S Industries India Ltd,WSI,NSE,Industrials,Electrical Equipment,IN,63.7,Average IPO
DoorDash Inc.,DASH,NYSE,Technology,Software,US,63.6,Average IPO
Strides Pharma Science Ltd,STAR,NSE,Healthcare,Pharmaceuticals,IN,63.6,Average IPO
Tesco PLC,TSCO,LSE,Consumer Defensive,Discount Stores,GB,63.6,Average IPO
PagerDuty Inc.,PD,NYSE,Technology,Software,US,63.6,Average IPO
Carnation Industries Ltd,CARNATION,NSE,Industrials,Industrial Equipment,IN,63.6,Average IPO
Dmart (Avenue Supermarts),DMART,NSE,Consumer Defensive,Discount Stores,IN,63.5,Average IPO
Indiabulls Housing Finance,IBULHSGFIN,NSE,Financial,Housing Finance,IN,63.5,Average IPO
Bolt Technology OU,BOLT,NYSE,Technology,Software,EE,63.5,Average IPO
Barclays PLC,BARC,LSE,Financial,Banks,GB,63.4,Average IPO
Fedbank Financial Services,FEDFINA,NSE,Financial,Financial Services,IN,63.4,Average IPO
Bajaj Holdings & Investment,BAJAJHLDNG,NSE,Financial,Financial Services,IN,63.3,Average IPO
eClerx Services Ltd,ECLERX,NSE,Technology,Consulting,IN,63.3,Average IPO
Manappuram Finance Ltd,MANAPPURAM,NSE,Financial,Financial Services,IN,63.3,Average IPO
Tarmat Ltd,TARMAT,NSE,Industrials,Infrastructure,IN,63.3,Average IPO
Tata Motors Ltd,TATAMOTORS,NSE,Consumer Cyclical,Auto Manufacturers,IN,63.2,Average IPO
BEML Ltd,BEML,NSE,Industrials,Defense,IN,63.2,Average IPO
IFCI Ltd,IFCI,NSE,Financial,Financial Services,IN,63.2,Average IPO
Reliance Infrastructure Ltd,RELINFRA,NSE,Utilities,Electric Utilities,IN,63.2,Average IPO
Moderna Inc.,MRNA,NASDAQ,Healthcare,Biotechnology,US,63.1,Average IPO
IGL (Indraprastha Gas),IGL,NSE,Utilities,Gas Distribution,IN,63.1,Average IPO
RailTel Corp of India,RAILTEL,NSE,Technology,Telecom,IN,63.1,Average IPO
Everest Kanto Cylinder Ltd,EKC,NSE,Industrials,Industrial Equipment,IN,63.1,Average IPO
Lupin Ltd,LUPIN,NSE,Healthcare,Pharmaceuticals,IN,63.0,Average IPO
BP PLC,BP.,LSE,Energy,Oil & Gas,GB,63.0,Average IPO
Cognizant Technology Solutions,CTSH,NASDAQ,Technology,Consulting,US,62.9,Average IPO
Sea Ltd,SE,NYSE,Technology,Internet Services,SG,62.9,Average IPO
Vivid Mercantile Ltd,VIVIDMERC,NSE,Consumer Cyclical,Trading,IN,62.9,Average IPO
Chipotle Mexican Grill Inc.,CMG,NYSE,Consumer Cyclical,Restaurants,US,62.9,Average IPO
HFCL Ltd,HFCL,NSE,Technology,Communication Equipment,IN,62.8,Average IPO
SMS Lifesciences India Ltd,SMSLIFE,NSE,Healthcare,Pharmaceuticals,IN,62.8,Average IPO
Thomas Cook India Ltd,THOMASCOOK,NSE,Consumer Cyclical,Travel Services,IN,62.7,Average IPO
Freshworks Inc.,FRSH,NASDAQ,Technology,Software,US,62.7,Average IPO
RELX PLC,REL,LSE,Industrials,Business Services,GB,62.7,Average IPO
Lancer Containers Ltd,LANCER,NSE,Industrials,Packaging,IN,62.7,Average IPO
Bank of Baroda,BANKBARODA,NSE,Financial,Banks,IN,62.6,Average IPO
Rolls-Royce Holdings PLC,RR.,LSE,Industrials,Aerospace & Defense,GB,62.6,Average IPO
Colgate-Palmolive India Ltd,COLPAL,NSE,Consumer Defensive,Personal Care,IN,62.5,Average IPO
Godrej Consumer Products,GODREJCP,NSE,Consumer Defensive,Personal Care,IN,62.5,Average IPO
Roblox Corp,RBLX,NYSE,Technology,Software,US,62.5,Average IPO
One97 Communications (Paytm),PAYTM,NSE,Technology,Fintech,IN,62.5,Average IPO
EID Parry (India) Ltd,EIDPARRY,NSE,Consumer Defensive,Sugar,IN,62.4,Average IPO
Time Technoplast Ltd,TIMETECHNO,NSE,Basic Materials,Chemicals,IN,62.4,Average IPO
Aurobindo Pharma Ltd,AUROPHARMA,NSE,Healthcare,Pharmaceuticals,IN,62.3,Average IPO
Rashtriya Chemicals & Fertil.,RCF,NSE,Basic Materials,Fertilizers,IN,62.3,Average IPO
REC Ltd,RECLTD,NSE,Financial,Financial Services,IN,62.3,Average IPO
CapitaLand Investment Ltd,9CI,SGX,Real Estate,Real Estate Investment,SG,62.3,Average IPO
Lululemon Athletica Inc.,LULU,NASDAQ,Consumer Cyclical,Apparel,CA,62.3,Average IPO
Sun TV Network Ltd,SUNTV,NSE,Communication,Entertainment,IN,62.2,Average IPO
Linde India Ltd,LINDEINDIA,NSE,Basic Materials,Chemicals,IN,62.2,Average IPO
Transport Corp of India Ltd,TCI,NSE,Industrials,Logistics,IN,62.2,Average IPO
Affirm Holdings Inc.,AFRM,NASDAQ,Technology,Fintech,US,62.2,Average IPO
ASOS PLC,ASOS,LSE,Consumer Cyclical,E-Commerce,GB,62.2,Average IPO
Sakthi Auto Component Ltd,SAKTHAUTO,NSE,Consumer Cyclical,Auto Parts,IN,62.2,Average IPO
Devyani International Ltd,DEVYANI,NSE,Consumer Cyclical,Restaurants,IN,62.1,Average IPO
Delhivery Ltd,DELHIVERY,NSE,Industrials,Logistics,IN,62.1,Average IPO
Federal Bank Ltd,FEDERALBNK,NSE,Financial,Banks,IN,62.1,Average IPO
Krsnaa Diagnostics Ltd,KRSNAA,NSE,Healthcare,Diagnostics,IN,62.0,Average IPO
GoTo Gojek Tokopedia,GOTO,IDX,Technology,Internet Services,ID,62.0,Average IPO
Sterling & Wilson Renewable,SWSOLAR,NSE,Utilities,Renewable Energy,IN,61.9,Average IPO
Reddit Inc.,RDDT,NYSE,Communication,Internet Services,US,61.9,Average IPO
My Mudra FinCorp Ltd,MYMUDRA,NSE,Financial,Financial Services,IN,61.9,Average IPO
Voltrans Engineers Ltd,VOLTRANS,NSE,Industrials,Electrical Equipment,IN,61.9,Average IPO
Five-Star Business Finance,FIVESTAR,NSE,Financial,Financial Services,IN,61.9,Average IPO
Mahindra Holidays & Resorts,MHRIL,NSE,Consumer Cyclical,Hotels,IN,61.8,Average IPO
Bombay Super Hybrid Seeds,BSHSL,NSE,Consumer Defensive,Food,IN,61.8,Average IPO
JFL Life Sciences Ltd,JFLLIFE,NSE,Healthcare,Pharmaceuticals,IN,61.8,Average IPO
Robinhood Markets Inc.,HOOD,NASDAQ,Financial,Brokerage,US,61.7,Average IPO
Airbnb Inc.,ABNB,NASDAQ,Consumer Cyclical,Travel Services,US,61.7,Average IPO
Hero MotoCorp Ltd,HEROMOTOCO,NSE,Consumer Cyclical,Auto Manufacturers,IN,61.7,Average IPO
SpiceJet Ltd,SPICEJET,NSE,Industrials,Airlines,IN,61.7,Average IPO
Navodaya Enterprises Ltd,NAVODAYA,NSE,Consumer Cyclical,Retail,IN,61.7,Average IPO
Rubber Plastic Industries,RUBBERPLA,NSE,Basic Materials,Chemicals,IN,61.7,Average IPO
Smartlink Holdings Ltd,SMARTLINK,NSE,Technology,Software,IN,61.7,Average IPO
Coinbase Global Inc.,COIN,NASDAQ,Financial,Digital Assets,US,61.6,Average IPO
Radico Khaitan Ltd,RADICO,NSE,Consumer Defensive,Beverages,IN,61.6,Average IPO
S J Logistics India Ltd,SJLOGISTIC,NSE,Industrials,Logistics,IN,61.6,Average IPO
Laurus Labs Ltd,LAURUSLABS,NSE,Healthcare,Pharmaceuticals,IN,61.5,Average IPO
Mahindra Lifespace Developers,MAHLIFE,NSE,Real Estate,Real Estate Development,IN,61.5,Average IPO
Royal Plus Ltd,ROYALPLUS,NSE,Consumer Defensive,Food,IN,61.5,Average IPO
South West Pinnacle,SOUTHWEST,NSE,Basic Materials,Mining,IN,61.5,Average IPO
Tac Security Solutions Ltd,TACSEC,NSE,Technology,Cybersecurity,IN,61.5,Average IPO
Tamilnad Agricult Chem,TAC,NSE,Basic Materials,Fertilizers,IN,61.5,Average IPO
ERIS Lifesciences Ltd,ERIS,NSE,Healthcare,Pharmaceuticals,IN,61.5,Average IPO
Adani Power Ltd,ADANIPOWER,NSE,Utilities,Electric Utilities,IN,61.4,Average IPO
Rivian Automotive Inc.,RIVN,NASDAQ,Consumer Cyclical,Auto Manufacturers,US,61.3,Average IPO
Hindustan Unilever Ltd,HINDUNILVR,NSE,Consumer Defensive,Household Products,IN,61.3,Average IPO
QuantumScape Corp,QS,NYSE,Consumer Cyclical,Auto Parts,US,61.3,Average IPO
Lemon Tree Hotels Ltd,LEMONTREE,NSE,Consumer Cyclical,Hotels,IN,61.2,Average IPO
Epigral Ltd,EPIGRAL,NSE,Basic Materials,Chemicals,IN,61.2,Average IPO
Pidilite Industries Ltd,PIDILITIND,NSE,Basic Materials,Chemicals,IN,61.1,Average IPO
Jumia Technologies AG,JMIA,NYSE,Consumer Cyclical,E-Commerce,DE,61.1,Average IPO
Alembic Pharmaceuticals Ltd,APLLTD,NSE,Healthcare,Pharmaceuticals,IN,61.1,Average IPO
Rategain Travel Technologies,RATEGAIN,NSE,Technology,Travel Technology,IN,61.1,Average IPO
Mrs. Bectors Food Specialities,BECTORFOOD,NSE,Consumer Defensive,Food,IN,61.0,Average IPO
Solara Active Pharma Sci.,SOLARA,NSE,Healthcare,Pharmaceuticals,IN,61.0,Average IPO
Jalpa Shah Securities Ltd,JALPA,NSE,Financial,Financial Services,IN,61.0,Average IPO
JSW Steel Ltd,JSWSTEEL,NSE,Basic Materials,Steel,IN,60.9,Average IPO
IIFL Finance Ltd,IIFL,NSE,Financial,Financial Services,IN,60.9,Average IPO
Bright Outdoor Media Ltd,BRIGHT,NSE,Communication,Media,IN,60.9,Average IPO
Reetech International Cargo,REETECH,NSE,Industrials,Logistics,IN,60.9,Average IPO
Solex Energy Ltd,SOLEX,NSE,Utilities,Renewable Energy,IN,60.9,Average IPO
Superior Industries Ltd,SUPERIOR,NSE,Consumer Cyclical,Auto Parts,IN,60.9,Average IPO
Fine Organic Industries Ltd,FINEORG,NSE,Basic Materials,Chemicals,IN,60.9,Average IPO
GMR Airports Infrastructure,GMRINFRA,NSE,Industrials,Infrastructure,IN,60.8,Average IPO
Elgi Equipments Ltd,ELGIEQUIP,NSE,Industrials,Industrial Equipment,IN,60.8,Average IPO
Singapore Airlines Ltd,C6L,SGX,Industrials,Airlines,SG,60.8,Average IPO
Remitly Global Inc.,RELY,NASDAQ,Technology,Fintech,US,60.8,Average IPO
Elgi Rubber Co Ltd,ELGIRUBCO,NSE,Consumer Cyclical,Auto Parts,IN,60.8,Average IPO
United Spirits Ltd,MCDOWELL-N,NSE,Consumer Defensive,Beverages,IN,60.7,Average IPO
Tech Mahindra Ltd,TECHM,NSE,Technology,Software,IN,60.6,Average IPO
Kashi Visa Residency Ltd,KASHIVISA,NSE,Financial,Financial Services,IN,60.6,Average IPO
IDBI Bank Ltd,IDBI,NSE,Financial,Banks,IN,60.5,Average IPO
Easy Trip Planners Ltd,EASEMYTRIP,NSE,Technology,Travel Technology,IN,60.5,Average IPO
Biocon Ltd,BIOCON,NSE,Healthcare,Biotechnology,IN,60.4,Average IPO
Page Industries Ltd,PAGEIND,NSE,Consumer Cyclical,Apparel,IN,60.4,Average IPO
Ramco Cements Ltd,RAMCOCEM,NSE,Basic Materials,Cement,IN,60.4,Average IPO
Birkenstock Holding PLC,BIRK,NYSE,Consumer Cyclical,Footwear,DE,60.4,Average IPO
Sonata Software Ltd,SONATSOFTW,NSE,Technology,Software,IN,60.3,Average IPO
Lucid Group Inc.,LCID,NASDAQ,Consumer Cyclical,Auto Manufacturers,US,60.3,Average IPO
Containe Tech Ltd,CONTAINER,NSE,Industrials,Logistics,IN,60.3,Average IPO
RBM Infracon Ltd,RBMINFRA,NSE,Real Estate,Real Estate Development,IN,60.3,Average IPO
Viviana Power Tech Ltd,VIVIANAPR,NSE,Utilities,Electric Utilities,IN,60.3,Average IPO
Paradeep Phosphates Ltd,PARADEEP,NSE,Basic Materials,Fertilizers,IN,60.2,Average IPO
Marico Ltd,MARICO,NSE,Consumer Defensive,Personal Care,IN,60.2,Average IPO
HDFC AMC Ltd,HDFCAMC,NSE,Financial,Asset Management,IN,60.2,Average IPO
Jubilant FoodWorks Ltd,JUBLFOOD,NSE,Consumer Cyclical,Restaurants,IN,60.2,Average IPO
IIFL Wealth Management,IIFLWAM,NSE,Financial,Wealth Management,IN,60.2,Average IPO
Wipro Ltd,WIPRO,NSE,Technology,Software,IN,60.1,Average IPO
Swasti Vinayaka Art & Her,SWASTIVI,NSE,Consumer Cyclical,Retail,IN,60.1,Average IPO
Vertex Pharmaceuticals Inc.,VRTX,NASDAQ,Healthcare,Biotechnology,US,60.1,Average IPO
La Opala RG Ltd,LAOPALA,NSE,Consumer Cyclical,Household Products,IN,60.0,Average IPO
JD Healthcare & Life Sci,JDHEALTH,NSE,Healthcare,Healthcare Services,IN,60.0,Average IPO
Landmark Cars Ltd,LANDMARK,NSE,Consumer Cyclical,Auto Retail,IN,60.0,Average IPO
PVR INOX Ltd,PVRINOX,NSE,Communication,Entertainment,IN,59.9,Weak IPO
Balaji Amines Ltd,BALAMINES,NSE,Basic Materials,Chemicals,IN,59.9,Weak IPO
BLS International Services,BLS,NSE,Industrials,Business Services,IN,59.9,Weak IPO
J.G. Chemicals Ltd,JGCHEM,NSE,Basic Materials,Chemicals,IN,59.9,Weak IPO
Galaxy Surfactants Ltd,GALAXYSURF,NSE,Basic Materials,Chemicals,IN,59.9,Weak IPO
Didiglobal Inc.,DIDI,NYSE,Technology,Software,CN,59.8,Weak IPO
Ircon International Ltd,IRCON,NSE,Industrials,Infrastructure,IN,59.7,Weak IPO
Sterling Tools Ltd,STERTOOLS,NSE,Consumer Cyclical,Auto Parts,IN,59.7,Weak IPO
Westlife Development Ltd,WESTLIFE,NSE,Consumer Cyclical,Restaurants,IN,59.6,Weak IPO
Automotive Axles Ltd,AUTOAXLES,NSE,Consumer Cyclical,Auto Parts,IN,59.6,Weak IPO
Samsara Inc.,IOT,NYSE,Technology,Software,US,59.6,Weak IPO
Equitas Small Finance Bank,EQUITASBNK,NSE,Financial,Banks,IN,59.6,Weak IPO
Adani Ports & SEZ Ltd,ADANIPORTS,NSE,Industrials,Infrastructure,IN,59.5,Weak IPO
Dixon Technologies India,DIXON,NSE,Technology,Consumer Electronics,IN,59.5,Weak IPO
Arm Holdings PLC,ARM,NASDAQ,Technology,Semiconductors,GB,59.5,Weak IPO
Chitradurga Spintex Ltd,CHITRASPIN,NSE,Consumer Cyclical,Textiles,IN,59.5,Weak IPO
Adani Green Energy Ltd,ADANIGREEN,NSE,Utilities,Renewable Energy,IN,59.4,Weak IPO
Chewy Inc.,CHWY,NYSE,Consumer Cyclical,E-Commerce,US,59.4,Weak IPO
Comed Chemicals Ltd,COMEDCHEM,NSE,Healthcare,Pharmaceuticals,IN,59.4,Weak IPO
BSE Ltd,BSE,NSE,Financial,Financial Services,IN,59.3,Weak IPO
Rolex Rings Ltd,ROLEXRINGS,NSE,Consumer Cyclical,Auto Parts,IN,59.3,Weak IPO
Klaviyo Inc.,KVYO,NYSE,Technology,Software,US,59.3,Weak IPO
Mutual Benefit & Housing,MUTUALBN,NSE,Financial,Financial Services,IN,59.3,Weak IPO
Virinchi Ltd,VIRINCHI,NSE,Technology,Software,IN,59.3,Weak IPO
Tega Industries Ltd,TEGA,NSE,Industrials,Industrial Equipment,IN,59.3,Weak IPO
Snowflake Inc.,SNOW,NYSE,Technology,Software,US,59.2,Weak IPO
Atul Ltd,ATUL,NSE,Basic Materials,Chemicals,IN,59.1,Weak IPO
Amber Enterprises India Ltd,AMBER,NSE,Consumer Cyclical,Consumer Electronics,IN,59.0,Weak IPO
United Breweries Ltd,UBL,NSE,Consumer Defensive,Beverages,IN,59.0,Weak IPO
KPR Mill Ltd,KPRMILL,NSE,Consumer Cyclical,Textiles,IN,59.0,Weak IPO
Interiors & More Ltd,INTERIORS,NSE,Consumer Cyclical,Retail,IN,59.0,Weak IPO
KNR Constructions Ltd,KNRCON,NSE,Industrials,Infrastructure,IN,58.9,Weak IPO
SBI Life Insurance Co.,SBILIFE,NSE,Financial,Insurance,IN,58.8,Weak IPO
NBCC (India) Ltd,NBCC,NSE,Industrials,Construction,IN,58.8,Weak IPO
Delta Corp Ltd,DELTACORP,NSE,Consumer Cyclical,Entertainment,IN,58.8,Weak IPO
RBL Bank Ltd,RBLBANK,NSE,Financial,Banks,IN,58.8,Weak IPO
DraftKings Inc.,DKNG,NASDAQ,Consumer Cyclical,Gambling,US,58.8,Weak IPO
Slack Technologies Inc.,WORK,NYSE,Technology,Software,US,58.8,Weak IPO
TaskUs Inc.,TASK,NASDAQ,Technology,Consulting,US,58.8,Weak IPO
NMDC Steel Ltd,NMDCSTEEL,NSE,Basic Materials,Steel,IN,58.7,Weak IPO
Unity Software Inc.,U,NYSE,Technology,Software,US,58.7,Weak IPO
National Grid PLC,NG.,LSE,Utilities,Electric Utilities,GB,58.7,Weak IPO
Integra Essentia Ltd,INTEGRAESS,NSE,Consumer Defensive,Food,IN,58.6,Weak IPO
Vijaya Diagnostic Centre,VIJAYA,NSE,Healthcare,Diagnostics,IN,58.6,Weak IPO
Honeywell Automation India Ltd,HONAUT,NSE,Industrials,Industrial Equipment,IN,58.5,Weak IPO
Polycab India Ltd,POLYCAB,NSE,Industrials,Electrical Equipment,IN,58.5,Weak IPO
Teamlease Services Ltd,TEAMLEASE,NSE,Industrials,Staffing,IN,58.5,Weak IPO
Fiverr International Ltd,FVRR,NYSE,Communication,Internet Services,IL,58.5,Weak IPO
Vishal Fabrics Ltd,VISHALFAB,NSE,Consumer Cyclical,Textiles,IN,58.5,Weak IPO
Star Health & Allied Ins,STARHEALTH,NSE,Financial,Insurance,IN,58.5,Weak IPO
Mindtree Ltd,MINDTREE,NSE,Technology,Software,IN,58.4,Weak IPO
Zensar Technologies Ltd,ZENSARTECH,NSE,Technology,Software,IN,58.4,Weak IPO
Sapphire Foods India Ltd,SAPPHIRE,NSE,Consumer Cyclical,Restaurants,IN,58.3,Weak IPO
London Stock Exchange Group,LSEG,LSE,Financial,Financial Services,GB,58.3,Weak IPO
UltraTech Cement Ltd,ULTRACEMCO,NSE,Basic Materials,Cement,IN,58.2,Weak IPO
Indian Bank,INDIANB,NSE,Financial,Banks,IN,58.2,Weak IPO
Alkyl Amines Chemicals Ltd,ALKYLAMINE,NSE,Basic Materials,Chemicals,IN,58.2,Weak IPO
Hindalco Industries Ltd,HINDALCO,NSE,Basic Materials,Metals & Mining,IN,58.1,Weak IPO
Torrent Pharmaceuticals Ltd,TORNTPHARM,NSE,Healthcare,Pharmaceuticals,IN,58.1,Weak IPO
Gujarat State Petronet Ltd,GSPL,NSE,Utilities,Gas Distribution,IN,58.1,Weak IPO
Windlas Biotech Ltd,WINDLAS,NSE,Healthcare,Pharmaceuticals,IN,58.1,Weak IPO
Hindustan Petroleum Corp,HINDPETRO,NSE,Energy,Oil & Gas,IN,58.0,Weak IPO
IEX (Indian Energy Exchange),IEX,NSE,Financial,Financial Services,IN,58.0,Weak IPO
United Overseas Bank Ltd,U11,SGX,Financial,Banks,SG,58.0,Weak IPO
Bharat Electronics Ltd,BEL,NSE,Industrials,Aerospace & Defense,IN,57.9,Weak IPO
Avanti Feeds Ltd,AVANTIFEED,NSE,Consumer Defensive,Food,IN,57.9,Weak IPO
Power Finance Corp Ltd,PFC,NSE,Financial,Financial Services,IN,57.9,Weak IPO
Innovana Thinklabs Ltd,INNOVANA,NSE,Technology,Software,IN,57.9,Weak IPO
Dr. Lal PathLabs Ltd,LALPATHLAB,NSE,Healthcare,Diagnostics,IN,57.8,Weak IPO
Medirom Healthcare Tech.,MED,NYSE,Healthcare,Healthcare Services,IL,57.8,Weak IPO
Chemplast Sanmar Ltd,CHEMPLASTS,NSE,Basic Materials,Chemicals,IN,57.8,Weak IPO
STC India Ltd,STCINDIA,NSE,Industrials,Trading,IN,57.8,Weak IPO
Vikram Aroma Chemicals,VIKRAMAROM,NSE,Basic Materials,Chemicals,IN,57.8,Weak IPO
MK Exim India Ltd,MKEXIM,NSE,Industrials,Trading,IN,57.7,Weak IPO
Swaraj Engines Ltd,SWARAJENG,NSE,Industrials,Farm Equipment,IN,57.7,Weak IPO
Adani Enterprises Ltd,ADANIENT,NSE,Energy,Conglomerate,IN,57.6,Weak IPO
Housing & Urban Dev Corp,HUDCO,NSE,Financial,Housing Finance,IN,57.6,Weak IPO
KM Agritech Ltd,KMAGRI,NSE,Consumer Defensive,Food,IN,57.6,Weak IPO
ZTO Express (Cayman) Inc.,2057,HKEX,Industrials,Logistics,CN,57.5,Weak IPO
AIA Engineering Ltd,AIAENG,NSE,Industrials,Industrial Equipment,IN,57.5,Weak IPO
Nuvoco Vistas Corp Ltd,NUVOCO,NSE,Basic Materials,Cement,IN,57.5,Weak IPO
Tata Communications Ltd,TATACOMM,NSE,Communication,Telecom,IN,57.4,Weak IPO
Dodla Dairy Ltd,DODLA,NSE,Consumer Defensive,Food,IN,57.4,Weak IPO
CDSL Ltd,CDSL,NSE,Financial,Financial Services,IN,57.3,Weak IPO
Zee Entertainment Ltd,ZEEL,NSE,Communication,Entertainment,IN,57.3,Weak IPO
Quess Corp Ltd,QUESS,NSE,Industrials,Staffing,IN,57.3,Weak IPO
Rallis India Ltd,RALLIS,NSE,Basic Materials,Fertilizers,IN,57.3,Weak IPO
SKF India Ltd,SKFINDIA,NSE,Industrials,Industrial Equipment,IN,57.0,Weak IPO
Suven Pharmaceuticals Ltd,SUVENPHAR,NSE,Healthcare,Pharmaceuticals,IN,57.0,Weak IPO
Instacart (Maplebear Inc.),CART,NASDAQ,Technology,Software,US,57.0,Weak IPO
Nu Holdings Ltd,NU,NYSE,Financial,Banks,BR,57.0,Weak IPO
SKP Securities Ltd,SKPSEC,NSE,Financial,Financial Services,IN,57.0,Weak IPO
Sumuka Agro Industries,SUMUKAAGRO,NSE,Consumer Defensive,Food,IN,57.0,Weak IPO
Virya Resources Ltd,VIRYARES,NSE,Basic Materials,Mining,IN,57.0,Weak IPO
Sheela Foam Ltd,SHEELAFOAM,NSE,Consumer Cyclical,Household Products,IN,57.0,Weak IPO
PNB Housing Finance Ltd,PNBHOUSING,NSE,Financial,Housing Finance,IN,56.9,Weak IPO
Whirlpool of India Ltd,WHIRLPOOL,NSE,Consumer Cyclical,Consumer Electronics,IN,56.9,Weak IPO
Kirloskar Brothers Ltd,KIRLOSBROS,NSE,Industrials,Industrial Equipment,IN,56.8,Weak IPO
Lyft Inc.,LYFT,NASDAQ,Technology,Software,US,56.8,Weak IPO
Mukesh Babu Financial,MUKESHBABU,NSE,Financial,Financial Services,IN,56.8,Weak IPO
Race Eco Chain Ltd,RACEECO,NSE,Industrials,Logistics,IN,56.8,Weak IPO
Titan Company Ltd,TITAN,NSE,Consumer Cyclical,Retail,IN,56.7,Weak IPO
Trent Ltd,TRENT,NSE,Consumer Cyclical,Retail,IN,56.6,Weak IPO
Sky Gold Ltd,SKYGOLD,NSE,Consumer Cyclical,Luxury Goods,IN,56.6,Weak IPO
Dabur India Ltd,DABUR,NSE,Consumer Defensive,Personal Care,IN,56.5,Weak IPO
DiDi Global Inc.,DIDIY,OTC,Technology,Software,CN,56.5,Weak IPO
Mishkat Agro Ltd,MISHKAT,NSE,Consumer Defensive,Food,IN,56.5,Weak IPO
Hindustan Zinc Ltd,HINDZINC,NSE,Basic Materials,Metals & Mining,IN,56.4,Weak IPO
Gateway Distripark Ltd,GDL,NSE,Industrials,Logistics,IN,56.4,Weak IPO
InfoBeans Technologies Ltd,INFOBEANS,NSE,Technology,Software,IN,56.4,Weak IPO
L&T Infotech Ltd,LTI,NSE,Technology,Software,IN,56.3,Weak IPO
Beyond Meat Inc.,BYND,NASDAQ,Consumer Defensive,Food,US,56.3,Weak IPO
Kuwer Industries Ltd,KUWER,NSE,Industrials,Packaging,IN,56.3,Weak IPO
Quality Foils India Ltd,QUALIFOIL,NSE,Industrials,Packaging,IN,56.3,Weak IPO
Kanchi Karpooram Ltd,KKCL,NSE,Consumer Defensive,Sugar,IN,56.2,Weak IPO
Chimo Agri Products Ltd,CHIMOAGRI,NSE,Consumer Defensive,Food,IN,56.2,Weak IPO
Sobha Ltd,SOBHA,NSE,Real Estate,Real Estate Development,IN,56.1,Weak IPO
Zee Entertainment Enterprises,ZEEL,NSE,Communication,Entertainment,IN,56.1,Weak IPO
Opendoor Technologies Inc.,OPEN,NASDAQ,Real Estate,Real Estate Services,US,56.1,Weak IPO
Xiaomi Corp,1810,HKEX,Technology,Consumer Electronics,CN,56.1,Weak IPO
Oversea-Chinese Banking Corp,O39,SGX,Financial,Banks,SG,56.1,Weak IPO
Barbeque Nation Hospitality,BARBEQUE,NSE,Consumer Cyclical,Restaurants,IN,56.1,Weak IPO
Varun Beverages Ltd,VBL,NSE,Consumer Defensive,Beverages,IN,56.0,Weak IPO
PNB Gilts Ltd,PNBGILTS,NSE,Financial,Financial Services,IN,56.0,Weak IPO
Aptus Value Housing Finance,APTUS,NSE,Financial,Housing Finance,IN,55.9,Weak IPO
Westlife Foodworld Ltd,WESTLIFE,NSE,Consumer Cyclical,Restaurants,IN,55.9,Weak IPO
Infinium Pharmachem Ltd,INFINIUM,NSE,Healthcare,Pharmaceuticals,IN,55.9,Weak IPO
Rishabh Instruments Ltd,RISHABHINS,NSE,Industrials,Electrical Equipment,IN,55.9,Weak IPO
Nestlé India Ltd,NESTLEIND,NSE,Consumer Defensive,Food,IN,55.8,Weak IPO
Fortis Healthcare Ltd,FORTIS,NSE,Healthcare,Healthcare Services,IN,55.8,Weak IPO
Heidelberg Cement India Ltd,HEIDELBERG,NSE,Basic Materials,Cement,IN,55.8,Weak IPO
Hindustan Copper Ltd,HINDCOPPER,NSE,Basic Materials,Metals & Mining,IN,55.8,Weak IPO
Karur Vysya Bank Ltd,KARURVYSYA,NSE,Financial,Banks,IN,55.8,Weak IPO
R B Z Wellness Ltd,RBZWELL,NSE,Consumer Defensive,Personal Care,IN,55.8,Weak IPO
Silicon Rental Solutions,SILICON,NSE,Technology,Software,IN,55.8,Weak IPO
Greenhitech Ventures Ltd,GREENHITEC,NSE,Technology,Software,IN,55.7,Weak IPO
Siemens Ltd,SIEMENS,NSE,Industrials,Industrial Equipment,IN,55.6,Weak IPO
Jagran Prakashan Ltd,JAGRAN,NSE,Communication,Media,IN,55.6,Weak IPO
New India Assurance Co,NIACL,NSE,Financial,Insurance,IN,55.6,Weak IPO
Rain Industries Ltd,RAIN,NSE,Basic Materials,Chemicals,IN,55.6,Weak IPO
Pinterest Inc.,PINS,NYSE,Communication,Internet Services,US,55.6,Weak IPO
Polar Power India Ltd,POLARPOWER,NSE,Utilities,Electric Utilities,IN,55.6,Weak IPO
Sudarshan Chemical Inds,SUDARSCHEM,NSE,Basic Materials,Chemicals,IN,55.6,Weak IPO
L&T Technology Services,LTTS,NSE,Technology,Engineering Services,IN,55.5,Weak IPO
Pondy Oxides & Chemicals,PONDYOXIDE,NSE,Basic Materials,Chemicals,IN,55.5,Weak IPO
Balaji Speciality Chemicals,BALAMINES,NSE,Basic Materials,Chemicals,IN,55.5,Weak IPO
Globe International Carriers,GICL,NSE,Industrials,Logistics,IN,55.5,Weak IPO
Mufin Bikes India Ltd,MUFINBIKE,NSE,Consumer Cyclical,Auto Manufacturers,IN,55.5,Weak IPO
Oswal Agro Mills Ltd,OSWALAGRO,NSE,Consumer Defensive,Food,IN,55.5,Weak IPO
Perfect Infraengineers Ltd,PERFECTINF,NSE,Industrials,Infrastructure,IN,55.5,Weak IPO
Mphasis Ltd,MPHASIS,NSE,Technology,Software,IN,55.4,Weak IPO
Neuland Laboratories Ltd,NEULANDLAB,NSE,Healthcare,Pharmaceuticals,IN,55.4,Weak IPO
NMDC Ltd,NMDC,NSE,Basic Materials,Metals & Mining,IN,55.4,Weak IPO
Azure Exim Services Ltd,AZURE,NSE,Industrials,Logistics,IN,55.4,Weak IPO
Fone4 Communications Ltd,FONE4,NSE,Technology,Telecom,IN,55.4,Weak IPO
Silver Touch Technologies,SILVERTUC,NSE,Technology,Software,IN,55.4,Weak IPO
Coal India Ltd,COALINDIA,NSE,Energy,Coal,IN,55.3,Weak IPO
Apollo Hospitals Ltd,APOLLOHOSP,NSE,Healthcare,Healthcare Services,IN,55.3,Weak IPO
Signature Global India Ltd,SIGNATURE,NSE,Real Estate,Real Estate Development,IN,55.3,Weak IPO
Tata Elxsi Ltd,TATAELXSI,NSE,Technology,Software,IN,55.2,Weak IPO
Aditya Birla Fashion & Retail,ABFRL,NSE,Consumer Cyclical,Apparel,IN,55.2,Weak IPO
Divis Laboratories Ltd,DIVISLAB,NSE,Healthcare,Pharmaceuticals,IN,55.1,Weak IPO
Bumble Inc.,BMBL,NASDAQ,Technology,Software,US,55.1,Weak IPO
Khoobsurat Ltd,KHOOB,NSE,Consumer Cyclical,Apparel,IN,55.1,Weak IPO
Megastar Foods Ltd,MEGASTAR,NSE,Consumer Defensive,Food,IN,55.1,Weak IPO
RMC Switchgears Ltd,RMCSWITCH,NSE,Industrials,Electrical Equipment,IN,55.1,Weak IPO
Shree Cement Ltd,SHREECEM,NSE,Basic Materials,Cement,IN,55.0,Weak IPO
Svarnim Trade Udyog Ltd,STUL,NSE,Consumer Cyclical,Trading,IN,55.0,Weak IPO
Baba Arts Ltd,BABAARTS,NSE,Communication,Entertainment,IN,55.0,Weak IPO
Dhanuka Agritech Ltd,DHANUKA,NSE,Basic Materials,Fertilizers,IN,55.0,Weak IPO
Power Grid Corp of India,POWERGRID,NSE,Utilities,Electric Utilities,IN,54.9,Weak IPO
Indian Oil Corporation,IOC,NSE,Energy,Oil & Gas,IN,54.9,Weak IPO
Britannia Industries Ltd,BRITANNIA,NSE,Consumer Defensive,Food,IN,54.9,Weak IPO
Astral Poly Technik,ASTRAL,NSE,Industrials,Plumbing,IN,54.9,Weak IPO
Poly Medicure Ltd,POLYMED,NSE,Healthcare,Medical Devices,IN,54.9,Weak IPO
Iconic Fashion India Ltd,ICONICFASH,NSE,Consumer Cyclical,Apparel,IN,54.9,Weak IPO
Electrosteel Castings Ltd,ELECTCAST,NSE,Basic Materials,Steel,IN,54.9,Weak IPO
HAL (Hindustan Aeronautics),HAL,NSE,Industrials,Aerospace & Defense,IN,54.8,Weak IPO
Shriram Transport Finance,SHRIRAMFIN,NSE,Financial,Financial Services,IN,54.8,Weak IPO
Zydus Lifesciences Ltd,ZYDUSLIFE,NSE,Healthcare,Pharmaceuticals,IN,54.8,Weak IPO
Khaitan India Ltd,KHAITANIND,NSE,Consumer Cyclical,Consumer Electronics,IN,54.8,Weak IPO
MegaTech Polycon Ltd,MEGATECH,NSE,Industrials,Packaging,IN,54.8,Weak IPO
Riba Textiles Ltd,RIBATEXTIL,NSE,Consumer Cyclical,Textiles,IN,54.8,Weak IPO
Trip.com Group Ltd,9961,HKEX,Consumer Cyclical,Travel Services,CN,54.7,Weak IPO
Dollarama Inc.,DOL,TSX,Consumer Defensive,Discount Stores,CA,54.7,Weak IPO
Medplus Health Services Ltd,MEDPLUS,NSE,Healthcare,Pharmaceuticals,IN,54.7,Weak IPO
Deutsche Boerse AG,DB1,XETRA,Financial,Financial Services,DE,54.7,Weak IPO
Cipla Ltd,CIPLA,NSE,Healthcare,Pharmaceuticals,IN,54.6,Weak IPO
Rail Vikas Nigam Ltd,RVNL,NSE,Industrials,Infrastructure,IN,54.6,Weak IPO
NLC India Ltd,NLCINDIA,NSE,Energy,Coal,IN,54.6,Weak IPO
GrubHub Inc.,GRUB,NYSE,Technology,Software,US,54.6,Weak IPO
Zuari Agro Chemicals Ltd,ZUARI,NSE,Basic Materials,Fertilizers,IN,54.5,Weak IPO
Bajel Projects Ltd,BAJEL,NSE,Industrials,Engineering,IN,54.5,Weak IPO
National Aluminium Co Ltd,NATIONALUM,NSE,Basic Materials,Metals & Mining,IN,54.4,Weak IPO
Jindal Stainless Ltd,JSL,NSE,Basic Materials,Steel,IN,54.4,Weak IPO
Aditya Birla Capital Ltd,ABCAPITAL,NSE,Financial,Financial Services,IN,54.4,Weak IPO
Inox Wind Energy Ltd,INOXWIND,NSE,Utilities,Renewable Energy,IN,54.4,Weak IPO
KEC International Ltd,KEC,NSE,Industrials,Infrastructure,IN,54.3,Weak IPO
Rishabh Digha Steel,RISHABHDIG,NSE,Basic Materials,Steel,IN,54.2,Weak IPO
Venus Pipes & Tubes Ltd,VENUSPIPES,NSE,Industrials,Steel,IN,54.2,Weak IPO
Vidli Restaurants Ltd,VIDLI,NSE,Consumer Cyclical,Restaurants,IN,54.2,Weak IPO
Oil India Ltd,OIL,NSE,Energy,Oil & Gas,IN,54.1,Weak IPO
Kiwitech Solutions Ltd,KIWITECH,NSE,Technology,Software,IN,54.1,Weak IPO
L&T Finance Holdings,LICHSGFIN,NSE,Financial,Financial Services,IN,54.0,Weak IPO
Cava Group Inc.,CAVA,NYSE,Consumer Cyclical,Restaurants,US,54.0,Weak IPO
Inducto Steel Ltd,INDUCTO,NSE,Basic Materials,Steel,IN,54.0,Weak IPO
Lloyds Metals & Energy Ltd,LLOYDSME,NSE,Basic Materials,Metals & Mining,IN,54.0,Weak IPO
Retina Paints & Coatings,RETINA,NSE,Basic Materials,Chemicals,IN,54.0,Weak IPO
Astral Ltd,ASTRAL,NSE,Industrials,Building Materials,IN,53.9,Weak IPO
Deepak Fertilisers & Petro,DEEPAKFERT,NSE,Basic Materials,Fertilizers,IN,53.9,Weak IPO
Kenvue Inc.,KVUE,NYSE,Consumer Defensive,Personal Care,US,53.9,Weak IPO
Indo Farm Equipment Ltd,INDOFARM,NSE,Industrials,Farm Equipment,IN,53.9,Weak IPO
Konstelec Engineers Ltd,KONSTELEC,NSE,Industrials,Engineering,IN,53.9,Weak IPO
Thermax Ltd,THERMAX,NSE,Industrials,Industrial Equipment,IN,53.8,Weak IPO
NCC Ltd,NCC,NSE,Industrials,Construction,IN,53.8,Weak IPO
HMA Agro Industries Ltd,HMAAGRO,NSE,Consumer Defensive,Food,IN,53.8,Weak IPO
Sirca Paint India Ltd,SIRCAPAINT,NSE,Basic Materials,Chemicals,IN,53.8,Weak IPO
Mahindra Lifespace Dev Ltd,MAHLIFE,NSE,Real Estate,Real Estate Development,IN,53.8,Weak IPO
Restaurant Brands Asia,RBA,NSE,Consumer Cyclical,Restaurants,IN,53.7,Weak IPO
APL Apollo Tubes Ltd,APLAPOLLO,NSE,Basic Materials,Steel,IN,53.6,Weak IPO
NATCO Pharma Ltd,NATCOPHARM,NSE,Healthcare,Pharmaceuticals,IN,53.6,Weak IPO
Hitachi Energy India Ltd,POWERINDIA,NSE,Industrials,Electrical Equipment,IN,53.6,Weak IPO
Dr. Reddy's Labs Ltd,DRREDDY,NSE,Healthcare,Pharmaceuticals,IN,53.5,Weak IPO
Grasim Industries Ltd,GRASIM,NSE,Basic Materials,Cement,IN,53.5,Weak IPO
Archean Chemical Industries,ARCHEAN,NSE,Basic Materials,Chemicals,IN,53.5,Weak IPO
J.S.W. Energy Ltd,JSWENERGY,NSE,Utilities,Electric Utilities,IN,53.5,Weak IPO
Macobs Technologies Ltd,MACOBS,NSE,Technology,Software,IN,53.5,Weak IPO
Hermes International,RMS,EURONEXT,Consumer Cyclical,Luxury Goods,FR,53.5,Weak IPO
Adani Wilmar Ltd,AWL,NSE,Consumer Defensive,Food,IN,53.4,Weak IPO
Anand Rathi Wealth Ltd,ANANDRATHI,NSE,Financial,Wealth Management,IN,53.4,Weak IPO
V-Guard Industries Ltd,VGUARD,NSE,Consumer Cyclical,Consumer Electronics,IN,53.4,Weak IPO
VST Industries Ltd,VSTIND,NSE,Consumer Defensive,Tobacco,IN,53.4,Weak IPO
Compucom Software Ltd,COMPUSOFT,NSE,Technology,Software,IN,53.4,Weak IPO
Kalpataru Power Transm Ltd,KALPATPOWR,NSE,Industrials,Infrastructure,IN,53.3,Weak IPO
Okta Inc.,OKTA,NASDAQ,Technology,Software,US,53.3,Weak IPO
Evexia Lifecare Ltd,EVEXIA,NSE,Healthcare,Pharmaceuticals,IN,53.3,Weak IPO
Divi's Laboratories,DIVISLAB,NSE,Healthcare,Pharmaceuticals,IN,53.2,Weak IPO
Artemis Medicare Services,ARTEMISMED,NSE,Healthcare,Healthcare Services,IN,53.2,Weak IPO
Gabriel India Ltd,GABRIEL,NSE,Consumer Cyclical,Auto Parts,IN,53.2,Weak IPO
Shankara Building Products,SHANKARA,NSE,Industrials,Building Materials,IN,53.2,Weak IPO
Phaarmasia Ltd,PHAARMASIA,NSE,Healthcare,Pharmaceuticals,IN,53.2,Weak IPO
Puranik Builders Ltd,PURANIK,NSE,Real Estate,Real Estate Development,IN,53.2,Weak IPO
Orient Electric Ltd,ORIENTELEC,NSE,Consumer Cyclical,Consumer Electronics,IN,53.1,Weak IPO
Samvardhana Motherson Intl,MOTHERSUMI,NSE,Consumer Cyclical,Auto Parts,IN,53.1,Weak IPO
Shipping Corp of India Ltd,SCI,NSE,Industrials,Logistics,IN,53.1,Weak IPO
GoPro Inc.,GPRO,NASDAQ,Technology,Consumer Electronics,US,53.1,Weak IPO
Polo Queen Industrial,POLOQUEEN,NSE,Consumer Cyclical,Household Products,IN,53.1,Weak IPO
HOSACA India Ltd,HOSACA,NSE,Financial,Financial Services,IN,53.0,Weak IPO
Marsons Ltd,MARSONS,NSE,Industrials,Industrial Equipment,IN,53.0,Weak IPO
Motherson Sumi Wiring India,MSUMI,NSE,Consumer Cyclical,Auto Parts,IN,52.9,Weak IPO
Oriental Bank of Commerce,ORIENTALBK,NSE,Financial,Banks,IN,52.9,Weak IPO
Alimentation Couche-Tard,ATD,TSX,Consumer Cyclical,Retail,CA,52.9,Weak IPO
Arvind & Co Engg Services,ACE,NSE,Industrials,Engineering,IN,52.9,Weak IPO
Dr. Reddy's Labs ADR,RDY,NYSE,Healthcare,Pharmaceuticals,IN,52.8,Weak IPO
Chennai Petroleum Corp Ltd,CHENNPETRO,NSE,Energy,Oil & Gas,IN,52.8,Weak IPO
Crompton Greaves Consumer,CROMPTON,NSE,Consumer Cyclical,Consumer Electronics,IN,52.8,Weak IPO
DCB Bank Ltd,DCBBANK,NSE,Financial,Banks,IN,52.8,Weak IPO
Pipavav Defence & Offshore,PIPAVAVDOC,NSE,Industrials,Shipbuilding,IN,52.7,Weak IPO
Indo Borax & Chemicals Ltd,INDOBORAX,NSE,Basic Materials,Chemicals,IN,52.7,Weak IPO
Kajaria Ceramics Ltd,KAJARIACER,NSE,Industrials,Building Materials,IN,52.6,Weak IPO
Pearl Green Clubs & Resorts,PEARLGREEN,NSE,Consumer Cyclical,Hotels,IN,52.6,Weak IPO
Kirloskar Oil Engines Ltd,KIRLOSENG,NSE,Industrials,Industrial Equipment,IN,52.5,Weak IPO
Container Corp of India Ltd,CONCOR,NSE,Industrials,Logistics,IN,52.5,Weak IPO
Gujarat State Fertilizers,GSFC,NSE,Basic Materials,Fertilizers,IN,52.5,Weak IPO
Phoenix Mills Ltd,PHOENIXLTD,NSE,Real Estate,Real Estate Development,IN,52.5,Weak IPO
Uniinfo Telecom Services,UNIINFO,NSE,Technology,Telecom,IN,52.5,Weak IPO
Cochin Malabar Estates,COCHINMAL,NSE,Consumer Defensive,Food,IN,52.5,Weak IPO
Muthoot Finance Ltd,MUTHOOTFIN,NSE,Financial,Financial Services,IN,52.4,Weak IPO
Welspun India Ltd,WELSPUNIND,NSE,Consumer Cyclical,Textiles,IN,52.4,Weak IPO
Kuaishou Technology,1024,HKEX,Communication,Internet Services,CN,52.4,Weak IPO
Syngene International Ltd,SYNGENE,NSE,Healthcare,Biotechnology,IN,52.3,Weak IPO
Welspun Corp Ltd,WELCORP,NSE,Basic Materials,Steel,IN,52.3,Weak IPO
Kothari Industrial Corp,KOTHARIIND,NSE,Basic Materials,Fertilizers,IN,52.3,Weak IPO
Larsen & Toubro Ltd,LT,NSE,Industrials,Construction,IN,52.2,Weak IPO
DocuSign Inc.,DOCU,NASDAQ,Technology,Software,US,52.2,Weak IPO
Resonance Specialties Ltd,RESONANCE,NSE,Basic Materials,Chemicals,IN,52.2,Weak IPO
Jindal Drilling & Inds Ltd,JINDALDRILL,NSE,Energy,Oil & Gas,IN,52.2,Weak IPO
Sun Pharmaceutical Inds.,SUNPHARMA,NSE,Healthcare,Pharmaceuticals,IN,52.1,Weak IPO
GitLab Inc.,GTLB,NASDAQ,Technology,Software,US,52.1,Weak IPO
iQiyi Inc.,IQ,NASDAQ,Communication,Entertainment,CN,52.1,Weak IPO
Associated Alcohols Ltd,ASSOALCOH,NSE,Consumer Defensive,Beverages,IN,52.1,Weak IPO
Orbit Exports Ltd,ORBITEXPO,NSE,Consumer Cyclical,Textiles,IN,52.1,Weak IPO
TVS Motor Company Ltd,TVSMOTOR,NSE,Consumer Cyclical,Auto Manufacturers,IN,52.0,Weak IPO
GAIL (India) Ltd,GAIL,NSE,Energy,Oil & Gas,IN,52.0,Weak IPO
Aether Industries Ltd,AETHER,NSE,Basic Materials,Chemicals,IN,52.0,Weak IPO
Ganesh Housing Corp Ltd,GANESHHOUC,NSE,Real Estate,Real Estate Development,IN,52.0,Weak IPO
Restaurant Brands Intl,QSR,TSX,Consumer Cyclical,Restaurants,CA,52.0,Weak IPO
Bandhan Bank Ltd,BANDHANBNK,NSE,Financial,Banks,IN,51.9,Weak IPO
Asahi India Glass Ltd,ASAHIINDIA,NSE,Consumer Cyclical,Auto Parts,IN,51.9,Weak IPO
Coromandel International Ltd,COROMANDEL,NSE,Basic Materials,Fertilizers,IN,51.9,Weak IPO
Asian Paints Ltd,ASIANPAINT,NSE,Basic Materials,Chemicals,IN,51.8,Weak IPO
NTPC Ltd,NTPC,NSE,Utilities,Electric Utilities,IN,51.8,Weak IPO
AU Small Finance Bank,AUBANK,NSE,Financial,Banks,IN,51.8,Weak IPO
Cummins India Ltd,CUMMINSIND,NSE,Industrials,Industrial Equipment,IN,51.8,Weak IPO
Cholamandalam Investment,CHOLAHLDNG,NSE,Financial,Financial Services,IN,51.8,Weak IPO
CRISIL Ltd,CRISIL,NSE,Financial,Financial Services,IN,51.7,Weak IPO
Pandora Media Inc.,P,NYSE,Communication,Entertainment,US,51.7,Weak IPO
HCL Technologies Ltd,HCLTECH,NSE,Technology,Software,IN,51.6,Weak IPO
Axis Bank Ltd,AXISBANK,NSE,Financial,Banks,IN,51.6,Weak IPO
Remus Pharmaceuticals Ltd,REMUSPHARM,NSE,Healthcare,Pharmaceuticals,IN,51.6,Weak IPO
Veerkrupa Jewellers Ltd,VEERKRUPA,NSE,Consumer Cyclical,Luxury Goods,IN,51.6,Weak IPO
Grab Holdings Ltd,GRAB,NASDAQ,Technology,Software,SG,51.5,Weak IPO
Ipca Laboratories Ltd,IPCALAB,NSE,Healthcare,Pharmaceuticals,IN,51.5,Weak IPO
Bikaji Foods International,BIKAJI,NSE,Consumer Defensive,Food,IN,51.5,Weak IPO
J.M. Financial Ltd,JMFINANCIL,NSE,Financial,Financial Services,IN,51.4,Weak IPO
Sumitomo Chemical India Ltd,SUMICHEM,NSE,Basic Materials,Chemicals,IN,51.4,Weak IPO
Trade Desk Inc.,TTD,NASDAQ,Technology,Software,US,51.4,Weak IPO
Magna Electrocast Ltd,MAGNAELEC,NSE,Industrials,Industrial Equipment,IN,51.4,Weak IPO
Indoco Remedies Ltd,INDOCO,NSE,Healthcare,Pharmaceuticals,IN,51.4,Weak IPO
Sun Pharma Advanced Research,SPARC,NSE,Healthcare,Pharmaceuticals,IN,51.3,Weak IPO
JD Health International,6618,HKEX,Healthcare,Healthcare Services,CN,51.3,Weak IPO
Gujarat Pipavav Port Ltd,GPPL,NSE,Industrials,Infrastructure,IN,51.2,Weak IPO
Supreme Industries Ltd,SUPREMEIND,NSE,Industrials,Building Materials,IN,51.2,Weak IPO
Gayatri Rubicon Ltd,GAYATRI,NSE,Basic Materials,Chemicals,IN,51.2,Weak IPO
Capacite Infraprojects Ltd,CAPACITE,NSE,Industrials,Infrastructure,IN,51.2,Weak IPO
Li Auto Inc.,LI,NASDAQ,Consumer Cyclical,Auto Manufacturers,CN,51.1,Weak IPO
SBI Cards & Payment,SBICARD,NSE,Financial,Financial Services,IN,51.1,Weak IPO
Route Mobile Ltd,ROUTE,NSE,Technology,Software,IN,51.1,Weak IPO
G R Infraprojects Ltd,GRINFRA,NSE,Industrials,Infrastructure,IN,51.0,Weak IPO
MongoDB Inc.,MDB,NASDAQ,Technology,Software,US,51.0,Weak IPO
Pinduoduo Inc.,PDD,NASDAQ,Consumer Cyclical,E-Commerce,CN,51.0,Weak IPO
Hindustan Foods Ltd,HINDFOODS,NSE,Consumer Defensive,Food,IN,51.0,Weak IPO
CG Power & Industrial Sol.,CGPOWER,NSE,Industrials,Electrical Equipment,IN,50.9,Weak IPO
Voltas Ltd,VOLTAS,NSE,Consumer Cyclical,Consumer Electronics,IN,50.9,Weak IPO
Vani Commercials Ltd,VANICOMM,NSE,Consumer Cyclical,Trading,IN,50.9,Weak IPO
Gland Pharma Ltd,GLAND,NSE,Healthcare,Pharmaceuticals,IN,50.8,Weak IPO
M&M Ltd,M&M,NSE,Consumer Cyclical,Auto Manufacturers,IN,50.8,Weak IPO
Orchid Pharma Ltd,ORCHIDPHAR,NSE,Healthcare,Pharmaceuticals,IN,50.8,Weak IPO
Multi Commodity Exchange,MCX,NSE,Financial,Financial Services,IN,50.7,Weak IPO
PetroChina Co Ltd,0857,HKEX,Energy,Oil & Gas,CN,50.7,Weak IPO
Thomson Reuters Corp,TRI,TSX,Industrials,Business Services,CA,50.7,Weak IPO
Kering SA,KER,EURONEXT,Consumer Cyclical,Luxury Goods,FR,50.7,Weak IPO
Jubilant Pharmova Ltd,JUBLPHARMA,NSE,Healthcare,Pharmaceuticals,IN,50.6,Weak IPO
JD Logistics Inc.,2618,HKEX,Industrials,Logistics,CN,50.6,Weak IPO
KFin Technologies Ltd,KFINTECH,NSE,Technology,Fintech,IN,50.6,Weak IPO
Marine Electricals India,MARINE,NSE,Industrials,Electrical Equipment,IN,50.6,Weak IPO
High Ground Enterprise Ltd,HIGHGROUND,NSE,Technology,Software,IN,50.6,Weak IPO
Mahindra & Mahindra Financial,M&MFIN,NSE,Financial,Financial Services,IN,50.5,Weak IPO
Udayshivakumar Infra Ltd,USKINFRA,NSE,Industrials,Infrastructure,IN,50.5,Weak IPO
Univastu India Ltd,UNIVASTU,NSE,Real Estate,Real Estate Development,IN,50.5,Weak IPO
Birla Corp Ltd,BIRLACORPN,NSE,Basic Materials,Cement,IN,50.5,Weak IPO
Century Plyboards India Ltd,CENTURYPLY,NSE,Industrials,Building Materials,IN,50.5,Weak IPO
Chambal Fertilizers Ltd,CHAMBLFERT,NSE,Basic Materials,Fertilizers,IN,50.4,Weak IPO
Ping An Insurance Group,2318,HKEX,Financial,Insurance,CN,50.4,Weak IPO
ONGC Ltd,ONGC,NSE,Energy,Oil & Gas,IN,50.3,Weak IPO
Ruchi Soya Industries Ltd,RUCHISOYA,NSE,Consumer Defensive,Food,IN,50.3,Weak IPO
Shree Vasu Logistics Ltd,VASULOGIS,NSE,Industrials,Logistics,IN,50.3,Weak IPO
Shriram Finance Ltd,SHRIRAMFIN,NSE,Financial,Financial Services,IN,50.2,Weak IPO
Firstsource Solutions Ltd,FSL,NSE,Technology,Consulting,IN,50.2,Weak IPO
Godrej Industries Ltd,GODREJIND,NSE,Consumer Defensive,Conglomerate,IN,50.2,Weak IPO
Corporation Bank,CORPBANK,NSE,Financial,Banks,IN,50.1,Weak IPO
J.K. Lakshmi Cement Ltd,JKLAKSHMI,NSE,Basic Materials,Cement,IN,50.1,Weak IPO
Foxco Solutions Ltd,FOXCO,NSE,Industrials,Trading,IN,50.1,Weak IPO
Orient Refractories Ltd,ORIENTREF,NSE,Industrials,Industrial Equipment,IN,50.1,Weak IPO
Escorts Kubota Ltd,ESCORTS,NSE,Industrials,Farm Equipment,IN,50.0,Weak IPO
Ambarella Inc.,AMBA,NASDAQ,Technology,Semiconductors,US,50.0,Weak IPO
Constellation Software Inc.,CSU,TSX,Technology,Software,CA,50.0,Weak IPO
Fitbit Inc.,FIT,NYSE,Technology,Consumer Electronics,US,50.0,Weak IPO
KG Petrochem Ltd,KGPETRO,NSE,Energy,Oil & Gas,IN,50.0,Weak IPO
Shreeshay Engienering Ltd,SHREESHAY,NSE,Industrials,Engineering,IN,50.0,Weak IPO
Signet Industries Ltd,SIGNETIND,NSE,Basic Materials,Chemicals,IN,50.0,Weak IPO
Sanofi India Ltd,SANOFI,NSE,Healthcare,Pharmaceuticals,IN,49.9,Avoid
Elastic N.V.,ESTC,NYSE,Technology,Software,NL,49.9,Avoid
Etsy Inc.,ETSY,NASDAQ,Consumer Cyclical,E-Commerce,US,49.9,Avoid
ABB India Ltd,ABB,NSE,Industrials,Industrial Equipment,IN,49.8,Avoid
Safari Industries India Ltd,SAFARI,NSE,Consumer Cyclical,Household Products,IN,49.8,Avoid
Can Fin Homes Ltd,CANFINHOME,NSE,Financial,Housing Finance,IN,49.8,Avoid
PI Industries Ltd,PIIND,NSE,Basic Materials,Fertilizers,IN,49.7,Avoid
Cochin Shipyard Ltd,COCHINSHIP,NSE,Industrials,Shipbuilding,IN,49.7,Avoid
Deepak Nitrite Ltd,DEEPAKNTR,NSE,Basic Materials,Chemicals,IN,49.6,Avoid
Minda Corp Ltd,MINDACORP,NSE,Consumer Cyclical,Auto Parts,IN,49.6,Avoid
Squarespace Inc.,SQSP,NYSE,Technology,Software,US,49.6,Avoid
Brookfield Corp,BN,TSX,Financial,Asset Management,CA,49.6,Avoid
Utkarsh Small Finance Bank,UTKARSHBNK,NSE,Financial,Banks,IN,49.6,Avoid
India Glycols Ltd,INDIAGLYCO,NSE,Basic Materials,Chemicals,IN,49.6,Avoid
CAMS Ltd,CAMS,NSE,Financial,Financial Services,IN,49.5,Avoid
Navin Fluorine International,NAVINFLUOR,NSE,Basic Materials,Chemicals,IN,49.5,Avoid
DLocal Ltd,DLO,NASDAQ,Technology,Fintech,UY,49.5,Avoid
Geely Automobile Holdings,0175,HKEX,Consumer Cyclical,Auto Manufacturers,CN,49.5,Avoid
Eastern Logica Infoway Ltd,ELOGICA,NSE,Technology,Software,IN,49.5,Avoid
Aarti Industries Ltd,AARTIIND,NSE,Basic Materials,Chemicals,IN,49.4,Avoid
Ami Organics Ltd,AMIORG,NSE,Basic Materials,Chemicals,IN,49.4,Avoid
Godfrey Phillips India Ltd,GODFRYPHLP,NSE,Consumer Defensive,Tobacco,IN,49.4,Avoid
Convoy Inc.,CVY,NYSE,Technology,Software,US,49.4,Avoid
Felix Industries Ltd,FELIX,NSE,Industrials,Waste Management,IN,49.4,Avoid
Obscro Meditronics Ltd,OBSCRO,NSE,Healthcare,Medical Devices,IN,49.4,Avoid
Maruti Suzuki India Ltd,MARUTI,NSE,Consumer Cyclical,Auto Manufacturers,IN,49.3,Avoid
Burger King India Ltd,BURGERKING,NSE,Consumer Cyclical,Restaurants,IN,49.3,Avoid
NHPC Ltd,NHPC,NSE,Utilities,Electric Utilities,IN,49.3,Avoid
Torrent Power Ltd,TORNTPOWER,NSE,Utilities,Electric Utilities,IN,49.3,Avoid
Hemani Industries Ltd,HEMANI,NSE,Basic Materials,Chemicals,IN,49.3,Avoid
Trident Lifeline Ltd,TRIDENTLFE,NSE,Healthcare,Pharmaceuticals,IN,49.3,Avoid
JK Tyre & Industries Ltd,JKTYRE,NSE,Consumer Cyclical,Auto Parts,IN,49.2,Avoid
Just Dial Ltd,JUSTDIAL,NSE,Technology,Internet Services,IN,49.1,Avoid
Pansari Developers Ltd,PANSARIDV,NSE,Real Estate,Real Estate Development,IN,49.1,Avoid
Sena Development Ltd,SENADEV,NSE,Real Estate,Real Estate Development,IN,49.1,Avoid
Shree Ram Proteins Ltd,SHREERAMPR,NSE,Consumer Defensive,Food,IN,49.1,Avoid
Gujarat Mineral Dev Corp,GMDCLTD,NSE,Basic Materials,Mining,IN,49.0,Avoid
Info Edge India Ltd,NAUKRI,NSE,Technology,Internet Services,IN,49.0,Avoid
Oil & Natural Gas Corp,ONGC,NSE,Energy,Oil & Gas,IN,49.0,Avoid
Zscaler Inc.,ZS,NASDAQ,Technology,Cybersecurity,US,49.0,Avoid
Waste Connections Inc.,WCN,TSX,Industrials,Waste Management,CA,49.0,Avoid
Groupon Inc.,GRPN,NASDAQ,Technology,Internet Services,US,49.0,Avoid
Esab India Ltd,ESABINDIA,NSE,Industrials,Industrial Equipment,IN,49.0,Avoid
CESC Ltd,CESC,NSE,Utilities,Electric Utilities,IN,48.9,Avoid
Canadian Pacific Kansas City,CP,TSX,Industrials,Railroads,CA,48.9,Avoid
SRF Ltd,SRF,NSE,Basic Materials,Chemicals,IN,48.8,Avoid
Macrotech Developers Ltd,LODHA,NSE,Real Estate,Real Estate Development,IN,48.7,Avoid
SJVN Ltd,SJVN,NSE,Utilities,Electric Utilities,IN,48.7,Avoid
Gujarat Narmada Valley Fert.,GNFC,NSE,Basic Materials,Fertilizers,IN,48.7,Avoid
Harshdeep Hortico Ltd,HARSHHORT,NSE,Consumer Defensive,Food,IN,48.7,Avoid
Kalyani Cast Tech Ltd,KALYANCAST,NSE,Industrials,Industrial Equipment,IN,48.7,Avoid
Sarveshwar Foods Ltd,SARVFOODS,NSE,Consumer Defensive,Food,IN,48.7,Avoid
Jubilant Ingrevia Ltd,JUBLINGREA,NSE,Basic Materials,Chemicals,IN,48.6,Avoid
JSW Holdings Ltd,JSWHL,NSE,Financial,Financial Services,IN,48.5,Avoid
Edelweiss Financial Services,EDELWEISS,NSE,Financial,Financial Services,IN,48.4,Avoid
Libas Consumer Products,LIBAS,NSE,Consumer Cyclical,Apparel,IN,48.4,Avoid
Hexaware Technologies Ltd,HEXAWARE,NSE,Technology,Software,IN,48.4,Avoid
Angel One Ltd,ANGELONE,NSE,Financial,Brokerage,IN,48.3,Avoid
Kotak Mahindra Bank Ltd,KOTAKBANK,NSE,Financial,Banks,IN,48.2,Avoid
Bosch Ltd,BOSCHLTD,NSE,Consumer Cyclical,Auto Parts,IN,48.2,Avoid
Heritage Foods Ltd,HERITGFOOD,NSE,Consumer Defensive,Food,IN,48.2,Avoid
Piramal Enterprises Ltd,PEL,NSE,Financial,Financial Services,IN,48.1,Avoid
Greenway GreenEnergy Ltd,GREENWAY,NSE,Utilities,Renewable Energy,IN,48.1,Avoid
Intercontinental Exchange,ICE,NYSE,Financial,Financial Services,US,48.1,Avoid
BlackRock Inc.,BLK,NYSE,Financial,Asset Management,US,48.1,Avoid
IDFC First Bank Ltd,IDFCFIRSTB,NSE,Financial,Banks,IN,48.0,Avoid
J.K. Paper Ltd,JKPAPER,NSE,Basic Materials,Paper,IN,48.0,Avoid
Apeejay Surrendra Park Hotels,PARKHOTELS,NSE,Consumer Cyclical,Hotels,IN,48.0,Avoid
Logisticus Infra Ltd,LOGISTICUS,NSE,Industrials,Infrastructure,IN,48.0,Avoid
XPeng Inc.,XPEV,NYSE,Consumer Cyclical,Auto Manufacturers,CN,47.9,Avoid
RPSG Ventures Ltd,RPSGVENT,NSE,Consumer Cyclical,Retail,IN,47.9,Avoid
Vaibhav Global Ltd,VAIBHAVGBL,NSE,Consumer Cyclical,Retail,IN,47.9,Avoid
Selinah International Ltd,SELINAH,NSE,Consumer Cyclical,Apparel,IN,47.9,Avoid
Avenue Supermarts (D-Mart),DMART,NSE,Consumer Defensive,Discount Stores,IN,47.8,Avoid
Century Textiles & Inds Ltd,CENTURYTEX,NSE,Consumer Cyclical,Textiles,IN,47.8,Avoid
Metropolis Healthcare Ltd,METROPOLIS,NSE,Healthcare,Diagnostics,IN,47.8,Avoid
Vinati Organics Ltd,VINATIORGA,NSE,Basic Materials,Chemicals,IN,47.8,Avoid
Square Inc. (Block),SQ,NYSE,Technology,Fintech,US,47.8,Avoid
LinkedIn Corp,LNKD,NYSE,Technology,Internet Services,US,47.8,Avoid
Nureca Ltd,NURECA,NSE,Healthcare,Medical Devices,IN,47.8,Avoid
Computer Age Mgmt Services,CAMS,NSE,Financial,Financial Services,IN,47.5,Avoid
GMR Airports Ltd,GMRINFRA,NSE,Industrials,Infrastructure,IN,47.4,Avoid
Zynga Inc.,ZNGA,NASDAQ,Communication,Entertainment,US,47.4,Avoid
Shree Maruti Integ Chem,SHREEMARUT,NSE,Basic Materials,Chemicals,IN,47.4,Avoid
NIO Inc.,NIO,NYSE,Consumer Cyclical,Auto Manufacturers,CN,47.3,Avoid
Gujarat Fluorochemicals Ltd,GUJFLUORO,NSE,Basic Materials,Chemicals,IN,47.3,Avoid
Zillow Group Inc.,ZG,NASDAQ,Real Estate,Real Estate Services,US,47.3,Avoid
Efactor Experience Solutions,EFACTOR,NSE,Communication,Media,IN,47.3,Avoid
Karnavati Finvest Ltd,KARNAVATIF,NSE,Financial,Financial Services,IN,47.3,Avoid
Industrial & Comm Bank China,1398,HKEX,Financial,Banks,CN,47.2,Avoid
Havells India Ltd,HAVELLS,NSE,Industrials,Electrical Equipment,IN,47.1,Avoid
Castrol India Ltd,CASTROLIND,NSE,Energy,Oil & Gas,IN,47.0,Avoid
Alibaba Health Info. Tech.,0241,HKEX,Healthcare,Healthcare Services,CN,47.0,Avoid
Shree Tirupati Balajee,TIRUPATIBJ,NSE,Industrials,Infrastructure,IN,47.0,Avoid
InterGlobe Aviation (IndiGo),INDIGO,NSE,Industrials,Airlines,IN,46.9,Avoid
City Union Bank Ltd,CUB,NSE,Financial,Banks,IN,46.9,Avoid
GlaxoSmithKline Pharma Ltd,GLAXO,NSE,Healthcare,Pharmaceuticals,IN,46.9,Avoid
Toast Inc.,TOST,NYSE,Technology,Software,US,46.9,Avoid
Siemens Healthineers AG,SHL,XETRA,Healthcare,Medical Devices,DE,46.8,Avoid
Haidilao International,6862,HKEX,Consumer Cyclical,Restaurants,CN,46.7,Avoid
Bharat Rasayan Ltd,BHARATRAS,NSE,Basic Materials,Chemicals,IN,46.7,Avoid
Mankind Pharma Ltd,MANKIND,NSE,Healthcare,Pharmaceuticals,IN,46.6,Avoid
Clean Science & Technology,CLEAN,NSE,Basic Materials,Chemicals,IN,46.6,Avoid
Venky's India Ltd,VENKYS,NSE,Consumer Defensive,Food,IN,46.4,Avoid
Sastasundar Ventures Ltd,SASTASUNDR,NSE,Healthcare,Healthcare Services,IN,46.4,Avoid
Bharti Airtel Ltd,BHARTIARTL,NSE,Communication,Telecom,IN,46.3,Avoid
Godrej Agrovet Ltd,GODREJAGRO,NSE,Consumer Defensive,Food,IN,46.3,Avoid
Suzlon Energy Ltd,SUZLON,NSE,Utilities,Renewable Energy,IN,46.2,Avoid
Intellect Design Arena,INTELLECT,NSE,Technology,Software,IN,46.2,Avoid
V-Mart Retail Ltd,VMART,NSE,Consumer Cyclical,Retail,IN,46.2,Avoid
China Petroleum & Chemical,0386,HKEX,Energy,Oil & Gas,CN,46.2,Avoid
Yes Bank Ltd,YESBANK,NSE,Financial,Banks,IN,46.1,Avoid
King Digital Entertainment,KING,NYSE,Communication,Entertainment,GB,46.1,Avoid
ITC Ltd,ITC,NSE,Consumer Defensive,Tobacco,IN,46.0,Avoid
Oracle Financial Services,OFSS,NSE,Technology,Software,IN,46.0,Avoid
Enbridge Inc.,ENB,TSX,Energy,Oil & Gas Midstream,CA,46.0,Avoid
KPI Green Energy Ltd,KPIGREEN,NSE,Utilities,Renewable Energy,IN,45.9,Avoid
Jindal Steel & Power Ltd,JSPL,NSE,Basic Materials,Steel,IN,45.8,Avoid
Mazagon Dock Shipbuilders,MAZDOCK,NSE,Industrials,Shipbuilding,IN,45.8,Avoid
Mishra Dhatu Nigam Ltd,MIDHANI,NSE,Basic Materials,Metals & Mining,IN,45.8,Avoid
Carborundum Universal Ltd,CARBORUNIV,NSE,Industrials,Industrial Equipment,IN,45.7,Avoid
HashiCorp Inc.,HCP,NASDAQ,Technology,Software,US,45.7,Avoid
CNOOC Ltd,0883,HKEX,Energy,Oil & Gas,CN,45.7,Avoid
Sharpline Broadcast Ltd,SHARPLINE,NSE,Communication,Media,IN,45.7,Avoid
Ultra Wiring Connect Sys,ULTRACONN,NSE,Industrials,Electrical Equipment,IN,45.7,Avoid
Nippon Life India AMC,NAM-INDIA,NSE,Financial,Asset Management,IN,45.6,Avoid
Bombay Burmah Trading Corp,BBTC,NSE,Consumer Defensive,Food,IN,45.5,Avoid
Nova Agri Tech Ltd,NOVAAGRI,NSE,Consumer Defensive,Food,IN,45.4,Avoid
Scan Steels Ltd,SCANSTL,NSE,Basic Materials,Steel,IN,45.4,Avoid
Vedanta Ltd,VEDL,NSE,Basic Materials,Metals & Mining,IN,45.3,Avoid
Coforge Ltd,COFORGE,NSE,Technology,Software,IN,45.3,Avoid
Dixon Technologies (India),DIXON,NSE,Technology,Consumer Electronics,IN,45.3,Avoid
J.K. Cement Ltd,JKCEMENT,NSE,Basic Materials,Cement,IN,45.3,Avoid
Gujarat Toolroom Ltd,GUJTOOLR,NSE,Industrials,Industrial Equipment,IN,45.3,Avoid
Gujarat Ambuja Exports Ltd,GAEL,NSE,Consumer Defensive,Food,IN,45.3,Avoid
Motilal Oswal Financial,MOTILALOFS,NSE,Financial,Financial Services,IN,45.2,Avoid
Glenmark Life Sciences Ltd,GLS,NSE,Healthcare,Pharmaceuticals,IN,45.2,Avoid
AIA Group Ltd,1299,HKEX,Financial,Insurance,HK,45.1,Avoid
BASF India Ltd,BASF,NSE,Basic Materials,Chemicals,IN,45.1,Avoid
Bilibili Inc.,9626,HKEX,Communication,Entertainment,CN,45.0,Avoid
Tirupati Graphite PLC,TIRUPATIGR,NSE,Basic Materials,Mining,IN,45.0,Avoid
Info Edge (India) Ltd,NAUKRI,NSE,Technology,Internet Services,IN,44.9,Avoid
Central Bank of India,CENTRALBK,NSE,Financial,Banks,IN,44.9,Avoid
Suncor Energy Inc.,SU,TSX,Energy,Oil & Gas,CA,44.9,Avoid
Weibo Corp,WB,NASDAQ,Communication,Internet Services,CN,44.9,Avoid
Apollo Tyres Ltd,APOLLOTYRE,NSE,Consumer Cyclical,Auto Parts,IN,44.8,Avoid
China Construction Bank,0939,HKEX,Financial,Banks,CN,44.7,Avoid
Max Healthcare Institute Ltd,MAXHEALTH,NSE,Healthcare,Healthcare Services,IN,44.5,Avoid
Inox Wind Ltd,INOXWIND,NSE,Utilities,Renewable Energy,IN,44.4,Avoid
BYD Co Ltd,1211,HKEX,Consumer Cyclical,Auto Manufacturers,CN,44.4,Avoid
UCO Bank,UCOBANK,NSE,Financial,Banks,IN,44.2,Avoid
HG Infra Engineering Ltd,HGINFRA,NSE,Industrials,Infrastructure,IN,44.2,Avoid
Godrej Properties Ltd,GODREJPROP,NSE,Real Estate,Real Estate Development,IN,44.0,Avoid
Borosil Renewables Ltd,BOROSIL,NSE,Utilities,Renewable Energy,IN,43.9,Avoid
CEAT Ltd,CEATLTD,NSE,Consumer Cyclical,Auto Parts,IN,43.9,Avoid
Varroc Engineering Ltd,VARROC,NSE,Consumer Cyclical,Auto Parts,IN,43.6,Avoid
Bayer CropScience Ltd,BAYERCROP,NSE,Basic Materials,Fertilizers,IN,43.6,Avoid
State Bank of India,SBIN,NSE,Financial,Banks,IN,43.4,Avoid
Vodafone Group PLC,VOD,LSE,Communication,Telecom,GB,43.4,Avoid
Transgenic Bio Services Ltd,TRANSGENIC,NSE,Healthcare,Biotechnology,IN,43.4,Avoid
Oberoi Realty Ltd,OBEROIRLTY,NSE,Real Estate,Real Estate Development,IN,43.2,Avoid
Greenply Industries Ltd,GREENPLY,NSE,Industrials,Building Materials,IN,43.2,Avoid
Thangamayil Jewellery Ltd,THANGAMAYL,NSE,Consumer Cyclical,Luxury Goods,IN,43.1,Avoid
Repco Home Finance Ltd,REPCOHOME,NSE,Financial,Housing Finance,IN,43.0,Avoid
LendingClub Corp,LC,NYSE,Financial,Financial Services,US,42.9,Avoid
BEML Land Assets Ltd,BEMLLAND,NSE,Real Estate,Real Estate Development,IN,42.8,Avoid
Hathway Cable & Datacom,HATHWAY,NSE,Communication,Media,IN,42.6,Avoid
Bank of Montreal,BMO,TSX,Financial,Banks,CA,42.5,Avoid
Max Financial Services,MFSL,NSE,Financial,Insurance,IN,42.2,Avoid
Life Insurance Corp of India,SBILIFE,NSE,Financial,Insurance,IN,41.9,Avoid
Grindwell Norton Ltd,GRINDWELL,NSE,Industrials,Industrial Equipment,IN,41.9,Avoid
Glenmark Pharmaceuticals Ltd,GLENMARK,NSE,Healthcare,Pharmaceuticals,IN,41.7,Avoid
Tejas Networks Ltd,TEJASNET,NSE,Technology,Telecom,IN,41.4,Avoid
Thirani Proj & Trading Ltd,THIRANI,NSE,Industrials,Trading,IN,41.1,Avoid
Ambuja Cements Ltd,AMBUJACEM,NSE,Basic Materials,Cement,IN,40.9,Avoid
Bank of Nova Scotia,BNS,TSX,Financial,Banks,CA,40.8,Avoid
Canadian Imperial Bank,CM,TSX,Financial,Banks,CA,40.4,Avoid
Greaves Cotton Ltd,GREAVESCOT,NSE,Industrials,Industrial Equipment,IN,40.0,Avoid
Telstra Group Ltd,TLS,ASX,Communication,Telecom,AU,39.8,Avoid
Toronto-Dominion Bank,TD,TSX,Financial,Banks,CA,39.8,Avoid
Texmaco Rail & Engineering,TEXRAIL,NSE,Industrials,Railways,IN,39.6,Avoid
Transurban Group,TCL,ASX,Industrials,Infrastructure,AU,39.1,Avoid
Blue Star Ltd,BLUESTARCO,NSE,Consumer Cyclical,Consumer Electronics,IN,38.9,Avoid
GE T&D India Ltd,GET&D,NSE,Industrials,Electrical Equipment,IN,38.4,Avoid
Alok Industries Ltd,ALOKINDS,NSE,Consumer Cyclical,Textiles,IN,38.4,Avoid
Gravita India Ltd,GRAVITA,NSE,Basic Materials,Recycling,IN,38.0,Avoid
Amara Raja Batteries Ltd,AMARAJABAT,NSE,Consumer Cyclical,Auto Parts,IN,37.5,Avoid
Goodman Group,GMG,ASX,Real Estate,Real Estate Investment,AU,37.1,Avoid
